{"cameraMode":{"drawMode":0,"name":"Shaded","section":"Shading Mode"},"sceneLighting":true,"audioPlay":false,"sceneViewState":{"m_AlwaysRefresh":false,"showFog":true,"showSkybox":true,"showFlares":true,"showImageEffects":true,"showParticleSystems":true,"showVisualEffectGraphs":true,"m_FxEnabled":true},"in2DMode":false,"pivot":{"x":-31.280000686645509,"y":1.7100000381469727,"z":2.259999990463257},"rotation":{"x":-0.01645321026444435,"y":0.8688869476318359,"z":-0.028954947367310525,"w":-0.4939044713973999},"size":1.4445524215698243,"orthographic":false}