{"cameraMode":{"drawMode":0,"name":"Shaded","section":"Shading Mode"},"sceneLighting":true,"audioPlay":false,"sceneViewState":{"m_AlwaysRefresh":false,"showFog":true,"showSkybox":true,"showFlares":true,"showImageEffects":true,"showParticleSystems":true,"showVisualEffectGraphs":true,"m_FxEnabled":true},"in2DMode":false,"pivot":{"x":-30.891000747680665,"y":2.140000104904175,"z":3.9750006198883058},"rotation":{"x":0.1568499207496643,"y":-0.0017933043418452144,"z":0.0002777872432488948,"w":0.987625777721405},"size":0.8660253882408142,"orthographic":false}