{"cameraMode":{"drawMode":0,"name":"Shaded","section":"Shading Mode"},"sceneLighting":true,"audioPlay":false,"sceneViewState":{"m_AlwaysRefresh":false,"showFog":true,"showSkybox":true,"showFlares":true,"showImageEffects":true,"showParticleSystems":true,"showVisualEffectGraphs":true,"m_FxEnabled":true},"in2DMode":false,"pivot":{"x":-30.666242599487306,"y":2.279421806335449,"z":3.944420337677002},"rotation":{"x":0.21264204382896424,"y":-0.1661587804555893,"z":0.036720678210258487,"w":0.962199330329895},"size":0.2660253643989563,"orthographic":false}